time,ATR_14_shifted
2020-01-02,
2020-01-03,
2020-01-06,
2020-01-07,
2020-01-08,
2020-01-09,
2020-01-10,
2020-01-13,
2020-01-14,
2020-01-15,
2020-01-16,
2020-01-17,
2020-01-20,
2020-01-21,
2020-01-22,108.08785714285698
2020-01-23,104.1414285714284
2020-01-24,99.17999999999977
2020-01-27,101.16857142857121
2020-01-28,111.3299999999998
2020-01-29,103.69714285714261
2020-01-30,103.50499999999985
2020-01-31,114.04357142857147
2020-02-03,125.73857142857143
2020-02-04,132.91142857142844
2020-02-05,148.89142857142855
2020-02-06,153.51714285714283
2020-02-07,156.52214285714268
2020-02-10,160.60071428571413
2020-02-11,169.00428571428554
2020-02-12,171.04285714285703
2020-02-13,171.0921428571428
2020-02-14,167.96928571428558
2020-02-17,157.90928571428543
2020-02-18,148.74642857142823
2020-02-19,151.84642857142822
2020-02-20,142.83928571428532
2020-02-21,140.36642857142826
2020-02-24,142.62142857142823
2020-02-25,150.9078571428568
2020-02-26,170.02214285714268
2020-02-27,186.2057142857141
2020-02-28,219.05357142857116
2020-03-02,236.71642857142837
2020-03-03,275.99357142857116
2020-03-04,301.4914285714284
2020-03-05,323.25
2020-03-06,338.76714285714297
2020-03-09,364.1250000000003
2020-03-10,403.5685714285716
2020-03-11,428.7314285714287
2020-03-12,444.19642857142856
2020-03-13,497.58571428571435
2020-03-16,542.0528571428571
2020-03-17,577.2385714285713
2020-03-18,596.9785714285715
2020-03-19,596.5571428571428
2020-03-20,609.4757142857143
2020-03-23,615.8550000000001
2020-03-24,632.3828571428572
2020-03-25,643.7335714285713
2020-03-26,651.3364285714284
2020-03-27,663.7378571428569
2020-03-30,639.3621428571425
2020-03-31,640.0285714285712
2020-04-01,624.6814285714283
2020-04-02,582.8492857142857
2020-04-03,528.8671428571428
2020-04-06,481.11499999999995
2020-04-07,479.11499999999995
2020-04-08,466.0792857142857
2020-04-09,441.7571428571428
2020-04-13,404.3378571428571
2020-04-14,374.07928571428573
2020-04-15,358.8200000000001
2020-04-16,346.25714285714304
2020-04-17,328.7835714285715
2020-04-20,324.18571428571437
2020-04-21,301.82928571428573
2020-04-22,313.9271428571429
2020-04-23,308.4992857142857
2020-04-24,303.18714285714276
2020-04-27,306.49071428571415
2020-04-28,277.29428571428565
2020-04-29,272.7135714285714
2020-04-30,282.05285714285714
2020-05-01,286.6235714285714
2020-05-04,282.3464285714285
2020-05-05,274.26642857142843
2020-05-06,274.6857142857142
2020-05-07,263.0521428571428
2020-05-08,257.35571428571427
2020-05-11,255.60499999999996
2020-05-12,241.41714285714286
2020-05-13,241.89000000000007
2020-05-14,250.43428571428583
2020-05-15,248.52428571428587
2020-05-18,252.5957142857143
2020-05-19,249.5878571428571
2020-05-20,229.1507142857142
2020-05-21,224.5621428571428
2020-05-22,220.87499999999986
2020-05-25,214.41071428571428
2020-05-26,208.84857142857138
2020-05-27,212.57214285714275
2020-05-28,222.2964285714284
2020-05-29,230.19571428571413
2020-06-01,230.07071428571413
2020-06-02,219.44785714285692
2020-06-03,208.09428571428543
2020-06-04,196.3885714285712
2020-06-05,192.5157142857141
2020-06-08,192.06857142857123
2020-06-09,193.55214285714268
2020-06-10,191.462857142857
2020-06-11,194.34999999999985
2020-06-12,218.80499999999978
2020-06-15,233.76571428571398
2020-06-16,248.2849999999997
2020-06-17,239.89499999999967
2020-06-18,231.8178571428568
2020-06-19,227.8178571428568
2020-06-22,230.76428571428536
2020-06-23,239.69642857142819
2020-06-24,256.17857142857105
2020-06-25,266.46071428571383
2020-06-26,264.9071428571424
2020-06-29,275.07499999999953
2020-06-30,280.4071428571424
2020-07-01,282.86071428571387
2020-07-02,262.1821428571424
2020-07-03,249.2285714285711
2020-07-06,223.98571428571398
2020-07-07,229.260714285714
2020-07-08,233.31428571428543
2020-07-09,233.69999999999968
2020-07-10,234.885714285714
2020-07-13,231.8685714285713
2020-07-14,244.22214285714276
2020-07-15,245.6257142857143
2020-07-16,245.17214285714286
2020-07-17,239.90071428571432
2020-07-20,231.13285714285718
2020-07-21,244.37214285714293
2020-07-22,247.24000000000004
2020-07-23,245.88285714285718
2020-07-24,270.40071428571434
2020-07-27,270.8185714285715
2020-07-28,277.51500000000004
2020-07-29,282.9864285714287
2020-07-30,281.1114285714287
2020-07-31,291.4357142857143
2020-08-03,273.68214285714294
2020-08-04,263.89642857142866
2020-08-05,256.5107142857144
2020-08-06,246.9178571428573
2020-08-07,252.30000000000018
2020-08-10,240.20000000000022
2020-08-11,236.2892857142859
2020-08-12,247.56071428571445
2020-08-13,239.15357142857152
2020-08-14,230.33214285714297
2020-08-17,220.27857142857152
2020-08-18,213.8607142857145
2020-08-19,211.0785714285717
2020-08-20,193.03928571428605
2020-08-21,195.0214285714289
2020-08-24,192.86071428571464
2020-08-25,198.7107142857146
2020-08-26,204.35000000000022
2020-08-27,208.22500000000022
2020-08-28,205.6642857142859
2020-08-31,197.0464285714288
2020-09-01,187.3035714285717
2020-09-02,182.26428571428602
2020-09-03,190.90357142857178
2020-09-04,236.44642857142895
2020-09-07,275.46428571428595
2020-09-08,281.94285714285735
2020-09-09,310.80357142857156
2020-09-10,329.88571428571424
2020-09-11,352.0535714285713
2020-09-14,368.16071428571416
2020-09-15,377.017857142857
2020-09-16,375.11785714285696
2020-09-17,382.2714285714284
2020-09-18,402.75357142857126
2020-09-21,420.1107142857141
2020-09-22,428.53571428571416
2020-09-23,428.62857142857126
2020-09-24,404.1392857142855
2020-09-25,379.05714285714265
2020-09-28,387.21071428571406
2020-09-29,367.5964285714285
2020-09-30,340.2357142857142
2020-10-01,331.8250000000001
2020-10-02,319.1357142857144
2020-10-05,326.8785714285715
2020-10-06,326.5785714285716
2020-10-07,327.7285714285716
2020-10-08,321.782142857143
2020-10-09,299.6250000000001
2020-10-12,287.7178571428572
2020-10-13,302.7357142857144
2020-10-14,287.86785714285725
2020-10-15,282.5642857142858
2020-10-16,274.8928571428573
2020-10-19,272.0321428571429
2020-10-20,286.2464285714286
2020-10-21,274.41785714285714
2020-10-22,271.04285714285714
2020-10-23,257.71428571428584
2020-10-26,250.30714285714294
2020-10-27,252.05714285714294
2020-10-28,240.9678571428572
2020-10-29,264.9178571428573
2020-10-30,273.99285714285725
2020-11-02,261.9357142857143
2020-11-03,264.875
2020-11-04,265.125
2020-11-05,291.44642857142856
2020-11-06,299.8392857142857
2020-11-09,291.3178571428572
2020-11-10,320.21071428571435
2020-11-11,334.58571428571435
2020-11-12,343.9428571428572
2020-11-13,348.1678571428573
2020-11-16,333.7821428571429
2020-11-17,338.54285714285714
2020-11-18,316.9535714285715
2020-11-19,306.27142857142866
2020-11-20,296.25714285714304
2020-11-23,286.9764285714288
2020-11-24,280.94071428571453
2020-11-25,253.6478571428574
2020-11-26,235.96928571428595
2020-11-27,225.72285714285732
2020-11-30,195.20500000000018
2020-12-01,184.77642857142877
2020-12-02,174.53357142857152
2020-12-03,171.62999999999997
2020-12-04,167.73000000000008
2020-12-07,156.93357142857153
2020-12-08,156.5692857142858
2020-12-09,155.5050000000001
2020-12-10,167.83714285714294
2020-12-11,174.3428571428571
2020-12-14,173.35357142857134
2020-12-15,169.89642857142852
2020-12-16,176.0571428571428
2020-12-17,178.69999999999996
2020-12-18,173.26071428571413
2020-12-21,168.19642857142844
2020-12-22,176.7107142857142
2020-12-23,177.16428571428565
2020-12-24,178.50357142857138
2020-12-28,180.74642857142862
2020-12-29,184.57857142857145
2020-12-30,181.66785714285717
2020-12-31,161.74642857142862
2021-01-04,152.36071428571435
2021-01-05,170.70714285714297
2021-01-06,171.68571428571445
2021-01-07,183.68571428571445
2021-01-08,196.37142857142877
2021-01-11,204.3357142857146
2021-01-12,209.5178571428574
2021-01-13,200.27857142857152
2021-01-14,201.507142857143
2021-01-15,203.9464285714287
2021-01-18,210.66785714285717
2021-01-19,203.46071428571435
2021-01-20,211.6321428571429
2021-01-21,227.30000000000004
2021-01-22,230.25357142857152
2021-01-25,206.17857142857142
2021-01-26,218.1571428571428
2021-01-27,208.47857142857134
2021-01-28,236.6785714285713
2021-01-29,256.74285714285696
2021-02-01,264.1249999999999
2021-02-02,289.4071428571428
2021-02-03,296.12857142857126
2021-02-04,299.51071428571413
2021-02-05,302.09999999999985
2021-02-08,304.1892857142856
2021-02-09,295.0499999999998
2021-02-10,280.25714285714264
2021-02-11,288.30714285714254
2021-02-12,290.435714285714
2021-02-15,276.7999999999998
2021-02-16,265.4499999999998
2021-02-17,228.22499999999985
2021-02-18,210.69642857142844
2021-02-19,203.49999999999986
2021-02-22,178.44642857142844
2021-02-23,188.19642857142844
2021-02-24,215.39642857142852
2021-02-25,226.1571428571429
2021-02-26,259.77142857142866
2021-03-01,283.40000000000015
2021-03-02,306.1035714285716
2021-03-03,307.97500000000025
2021-03-04,336.36785714285736
2021-03-05,358.989285714286
2021-03-08,389.6785714285717
2021-03-09,410.5785714285716
2021-03-10,431.96428571428584
2021-03-11,434.482142857143
2021-03-12,448.87142857142874
2021-03-15,442.66428571428594
2021-03-16,417.58928571428584
2021-03-17,408.1714285714287
2021-03-18,390.1285714285715
2021-03-19,395.8142857142858
2021-03-22,381.39642857142866
2021-03-23,387.67857142857156
2021-03-24,363.77857142857164
2021-03-25,354.4714285714289
2021-03-26,337.40000000000026
2021-03-29,325.6714285714289
2021-03-30,300.94642857142895
2021-03-31,295.0785714285718
2021-04-01,288.25714285714326
2021-04-02,282.65000000000043
2021-04-05,271.10357142857185
2021-04-06,275.9392857142861
2021-04-07,261.0285714285718
2021-04-08,234.00714285714326
2021-04-09,230.9357142857147
2021-04-12,218.40357142857178
2021-04-13,211.73928571428587
2021-04-14,201.8142857142857
2021-04-15,202.3428571428571
2021-04-16,197.54642857142855
2021-04-19,191.11071428571424
2021-04-20,192.88571428571413
2021-04-21,186.78571428571416
2021-04-22,185.16071428571416
2021-04-23,197.8214285714283
2021-04-26,192.73785714285688
2021-04-27,195.78071428571405
2021-04-28,196.42357142857105
2021-04-29,192.1557142857139
2021-04-30,195.96642857142822
2021-05-03,198.6092857142855
2021-05-04,195.37357142857127
2021-05-05,206.38071428571416
2021-05-06,203.28785714285692
2021-05-07,211.7342857142855
2021-05-10,211.5235714285713
2021-05-11,228.1414285714284
2021-05-12,234.2057142857141
2021-05-13,244.85928571428562
2021-05-14,249.85357142857134
2021-05-17,263.04285714285703
2021-05-18,272.2357142857142
2021-05-19,282.24285714285696
2021-05-20,285.28571428571405
2021-05-21,301.9821428571426
2021-05-24,301.78571428571405
2021-05-25,295.8928571428569
2021-05-26,290.85357142857123
2021-05-27,280.08571428571406
2021-05-28,270.9249999999998
2021-05-31,246.22857142857123
2021-06-01,228.90357142857127
2021-06-02,213.82142857142844
2021-06-03,199.60714285714272
2021-06-04,191.6785714285713
2021-06-07,195.31428571428555
2021-06-08,186.5321428571428
2021-06-09,178.4035714285714
2021-06-10,158.98571428571424
2021-06-11,164.4035714285714
2021-06-14,145.37499999999986
2021-06-15,148.00714285714275
2021-06-16,153.86428571428561
2021-06-17,165.58928571428558
2021-06-18,183.82142857142844
2021-06-21,192.85357142857123
2021-06-22,193.23928571428547
2021-06-23,200.5785714285712
2021-06-24,189.10357142857123
2021-06-25,177.39999999999978
2021-06-28,173.78214285714265
2021-06-29,174.91428571428554
2021-06-30,176.07499999999982
2021-07-01,163.91785714285703
2021-07-02,168.99642857142862
2021-07-05,172.35357142857148
2021-07-06,164.68214285714294
2021-07-07,157.51071428571439
2021-07-08,143.33214285714297
2021-07-09,149.51071428571439
2021-07-12,149.89642857142877
2021-07-13,142.05714285714308
2021-07-14,150.31785714285732
2021-07-15,150.45000000000022
2021-07-16,162.7285714285716
2021-07-19,164.31785714285732
2021-07-20,173.06785714285732
2021-07-21,186.45714285714297
2021-07-22,188.9428571428572
2021-07-23,184.42500000000004
2021-07-26,194.19642857142858
2021-07-27,189.26071428571427
2021-07-28,203.6892857142857
2021-07-29,197.96071428571435
2021-07-30,196.52142857142852
2021-08-02,201.14642857142852
2021-08-03,195.5928571428571
2021-08-04,198.88928571428576
2021-08-05,188.75357142857152
2021-08-06,180.56428571428583
2021-08-09,172.15357142857152
2021-08-10,163.25357142857152
2021-08-11,162.70000000000007
2021-08-12,162.8821428571429
2021-08-13,160.38928571428576
2021-08-16,159.77857142857152
2021-08-17,149.91071428571442
2021-08-18,152.48214285714297
2021-08-19,156.76785714285728
2021-08-20,165.41071428571442
2021-08-23,174.41071428571442
2021-08-24,177.35714285714297
2021-08-25,174.7178571428572
2021-08-26,172.30000000000004
2021-08-27,171.70357142857145
2021-08-30,174.30000000000004
2021-08-31,176.9678571428572
2021-09-01,177.17857142857156
2021-09-02,175.03571428571442
2021-09-03,178.1000000000001
2021-09-06,171.1035714285716
2021-09-07,158.96428571428598
2021-09-08,149.25000000000026
2021-09-09,140.47500000000022
2021-09-10,132.01785714285728
2021-09-13,131.42500000000004
2021-09-14,141.42142857142866
2021-09-15,149.56428571428583
2021-09-16,156.41071428571442
2021-09-17,156.14285714285728
2021-09-20,159.9750000000001
2021-09-21,186.2985714285716
2021-09-22,192.08428571428587
2021-09-23,203.977142857143
2021-09-24,207.8771428571429
2021-09-27,214.36642857142851
2021-09-28,230.09857142857138
2021-09-29,250.4092857142857
2021-09-30,256.43785714285724
2021-10-01,254.85928571428576
2021-10-04,259.5378571428572
2021-10-05,280.2164285714286
2021-10-06,289.9485714285715
2021-10-07,302.2521428571429
2021-10-08,301.34500000000014
2021-10-11,278.3428571428572
2021-10-12,279.7535714285715
2021-10-13,272.7178571428572
2021-10-14,274.5750000000001
2021-10-15,284.857142857143
2021-10-18,271.1607142857144
2021-10-19,257.30714285714294
2021-10-20,253.0392857142858
2021-10-21,247.01428571428576
2021-10-22,240.02500000000003
2021-10-25,220.16071428571442
2021-10-26,213.46428571428584
2021-10-27,202.7571428571429
2021-10-28,200.48571428571424
2021-10-29,199.29999999999993
2021-11-01,202.48214285714272
2021-11-02,198.76785714285703
2021-11-03,193.5464285714284
2021-11-04,186.98928571428547
2021-11-05,195.91071428571402
2021-11-08,188.86071428571398
2021-11-09,186.4999999999996
2021-11-10,193.9428571428568
2021-11-11,205.57499999999968
2021-11-12,201.91428571428528
2021-11-15,199.14642857142812
2021-11-16,198.83571428571395
2021-11-17,196.73928571428547
2021-11-18,192.37142857142823
2021-11-19,187.7249999999996
2021-11-22,187.3035714285709
2021-11-23,206.79285714285666
2021-11-24,213.22857142857097
2021-11-25,214.51428571428525
2021-11-26,209.25714285714236
2021-11-29,230.26071428571373
2021-11-30,242.389285714285
2021-12-01,245.40714285714225
2021-12-02,278.43928571428506
2021-12-03,284.99285714285645
2021-12-06,312.90357142857073
2021-12-07,324.2142857142849
2021-12-08,354.47499999999917
2021-12-09,353.1821428571423
2021-12-10,364.3571428571423
2021-12-13,350.04999999999956
2021-12-14,353.6392857142852
2021-12-15,362.96071428571383
2021-12-16,396.9642857142853
2021-12-17,414.735714285714
2021-12-20,407.86785714285696
2021-12-21,405.510714285714
2021-12-22,389.9392857142854
2021-12-23,389.7592857142854
2021-12-27,363.05428571428536
2021-12-28,359.0149999999997
2021-12-29,334.24357142857144
2021-12-30,333.8935714285713
2021-12-31,323.88999999999993
2022-01-03,320.05428571428575
2022-01-04,310.49000000000007
2022-01-05,312.4042857142857
2022-01-06,308.8007142857144
2022-01-07,282.5400000000001
2022-01-10,285.20071428571435
2022-01-11,296.93642857142873
2022-01-12,295.54000000000036
2022-01-13,291.791428571429
2022-01-14,313.94642857142907
2022-01-17,315.6107142857148
2022-01-18,310.264285714286
2022-01-19,328.4857142857146
2022-01-20,342.98428571428605
2022-01-21,381.72571428571456
2022-01-24,398.4221428571431
2022-01-25,430.38500000000033
2022-01-26,435.23357142857174
2022-01-27,464.7107142857146
2022-01-28,480.54857142857185
2022-01-31,487.1057142857145
2022-02-01,501.2628571428573
2022-02-02,512.5878571428573
2022-02-03,506.58071428571424
2022-02-04,514.2735714285715
2022-02-07,538.2164285714285
2022-02-08,528.3985714285715
2022-02-09,524.6964285714287
2022-02-10,498.4907142857143
2022-02-11,497.4942857142857
2022-02-14,476.9992857142857
2022-02-15,461.7578571428572
2022-02-16,439.0378571428572
2022-02-17,419.2392857142856
2022-02-18,410.1714285714285
2022-02-21,398.2857142857143
2022-02-22,400.6571428571429
2022-02-23,406.0428571428573
2022-02-24,419.28928571428577
2022-02-25,454.482142857143
2022-02-28,464.4642857142857
2022-03-01,482.0642857142856
2022-03-02,489.2535714285714
2022-03-03,485.0892857142857
2022-03-04,474.2964285714285
2022-03-07,473.47857142857146
2022-03-08,489.35357142857146
2022-03-09,509.0178571428573
2022-03-10,519.3321428571429
2022-03-11,518.6357142857144
2022-03-14,528.5285714285716
2022-03-15,522.2535714285715
2022-03-16,518.4571428571429
2022-03-17,493.48928571428587
2022-03-18,484.907142857143
2022-03-21,479.04285714285743
2022-03-22,468.6678571428573
2022-03-23,469.96428571428584
2022-03-24,456.157142857143
2022-03-25,454.9964285714286
2022-03-28,430.1571428571429
2022-03-29,414.14285714285717
2022-03-30,391.6392857142858
2022-03-31,382.00714285714287
2022-04-01,364.02500000000003
2022-04-04,350.4392857142857
2022-04-05,338.2464285714285
2022-04-06,324.5642857142856
2022-04-07,334.8142857142856
2022-04-08,323.57142857142844
2022-04-11,327.07499999999993
2022-04-12,326.23928571428576
2022-04-13,337.83571428571435
2022-04-14,338.3750000000001
2022-04-18,349.40000000000015
2022-04-19,344.782142857143
2022-04-20,351.85000000000025
2022-04-21,358.3107142857144
2022-04-22,378.93214285714305
2022-04-25,396.7071428571431
2022-04-26,396.2857142857147
2022-04-27,422.45000000000044
2022-04-28,421.3928571428577
2022-04-29,435.1714285714291
2022-05-02,454.54285714285754
2022-05-03,453.8714285714289
2022-05-04,440.5964285714289
2022-05-05,464.0178571428574
2022-05-06,494.0785714285716
2022-05-09,503.7357142857144
2022-05-10,512.0071428571429
2022-05-11,519.2464285714287
2022-05-12,519.232142857143
2022-05-13,516.2785714285716
2022-05-16,528.7607142857142
2022-05-17,494.8749999999999
2022-05-18,487.9821428571426
2022-05-19,503.885714285714
2022-05-20,487.4999999999997
2022-05-23,503.99642857142834
2022-05-24,509.51071428571413
2022-05-25,495.685714285714
2022-05-26,461.39642857142854
2022-05-27,467.5357142857143
2022-05-30,465.4035714285714
2022-05-31,448.77142857142854
2022-06-01,429.5357142857143
2022-06-02,424.30000000000007
2022-06-03,418.21071428571435
2022-06-06,427.982142857143
2022-06-07,423.69285714285735
2022-06-08,394.9678571428573
2022-06-09,382.96428571428595
2022-06-10,373.2357142857145
2022-06-13,389.21428571428584
2022-06-14,398.61785714285736
2022-06-15,394.1357142857144
2022-06-16,389.75357142857166
2022-06-17,404.49285714285736
2022-06-20,409.28928571428577
2022-06-21,396.23928571428576
2022-06-22,389.91785714285714
2022-06-23,387.67857142857156
2022-06-24,377.8750000000001
2022-06-27,390.0428571428573
2022-06-28,385.8428571428572
2022-06-29,407.8392857142857
2022-06-30,387.48928571428576
2022-07-01,375.4214285714285
2022-07-04,349.33571428571423
2022-07-05,336.1571428571428
2022-07-06,335.6821428571428
2022-07-07,302.89642857142854
2022-07-08,306.80000000000007
2022-07-11,313.67857142857156
2022-07-12,315.5357142857144
2022-07-13,307.5014285714286
2022-07-14,320.15142857142865
2022-07-15,310.60857142857145
2022-07-18,311.46571428571434
2022-07-19,298.1157142857143
2022-07-20,316.32642857142855
2022-07-21,311.54785714285725
2022-07-22,314.23714285714294
2022-07-25,331.21928571428583
2022-07-26,317.39214285714286
2022-07-27,318.57071428571425
2022-07-28,331.31714285714287
2022-07-29,348.48499999999996
2022-08-01,345.5564285714285
2022-08-02,341.5407142857143
2022-08-03,327.0142857142856
2022-08-04,335.52142857142854
2022-08-05,327.73214285714283
2022-08-08,325.8892857142856
2022-08-09,315.9121428571429
2022-08-10,315.0942857142857
2022-08-11,325.20142857142855
2022-08-12,320.6121428571428
2022-08-15,323.20714285714286
2022-08-16,319.57499999999993
2022-08-17,298.63571428571413
2022-08-18,281.76071428571413
2022-08-19,274.9214285714284
2022-08-22,278.4999999999997
2022-08-23,285.10499999999985
2022-08-24,267.49785714285696
2022-08-25,268.6014285714283
2022-08-26,264.2657142857141
2022-08-29,281.5428571428569
2022-08-30,282.1285714285711
2022-08-31,281.14999999999964
2022-09-01,277.4214285714283
2022-09-02,278.33571428571406
2022-09-05,293.3142857142856
2022-09-06,285.97857142857134
2022-09-07,289.58571428571423
2022-09-08,304.7999999999999
2022-09-09,301.8785714285715
2022-09-12,295.4500000000001
2022-09-13,295.77142857142866
2022-09-14,345.0464285714287
2022-09-15,340.2178571428573
2022-09-16,324.61785714285736
2022-09-19,317.85357142857174
2022-09-20,308.06785714285746
2022-09-21,309.86785714285736
2022-09-22,324.8464285714287
2022-09-23,314.782142857143
2022-09-26,333.0821428571431
2022-09-27,330.7607142857145
2022-09-28,327.43214285714305
2022-09-29,341.77500000000015
2022-09-30,354.8107142857143
2022-10-03,364.23214285714283
2022-10-04,334.8142857142858
2022-10-05,350.6285714285715
2022-10-06,352.14285714285717
2022-10-07,354.63571428571424
2022-10-10,372.0928571428572
2022-10-11,371.86428571428587
2022-10-12,356.1714285714288
2022-10-13,348.32142857142884
2022-10-14,368.99285714285736
2022-10-17,386.10000000000036
2022-10-18,390.1571428571433
2022-10-19,381.79285714285754
2022-10-20,372.05714285714333
2022-10-21,371.30714285714333
2022-10-24,370.1928571428576
2022-10-25,365.17857142857184
2022-10-26,362.20000000000044
2022-10-27,367.26428571428613
2022-10-28,373.63571428571464
2022-10-31,395.264285714286
2022-11-01,393.8857142857145
2022-11-02,405.42857142857156
2022-11-03,397.5500000000002
2022-11-04,380.8428571428572
2022-11-07,376.44999999999993
2022-11-08,369.6071428571427
2022-11-09,367.7071428571427
2022-11-10,368.87857142857126
2022-11-11,396.5428571428569
2022-11-14,395.4071428571425
2022-11-15,387.82142857142816
2022-11-16,392.74285714285674
2022-11-17,367.66428571428526
2022-11-18,348.9928571428566
2022-11-21,347.54285714285663
2022-11-22,337.09999999999957
2022-11-23,314.8142857142852
2022-11-24,306.9714285714281
2022-11-25,287.63571428571385
2022-11-28,280.82142857142816
2022-11-29,274.435714285714
2022-11-30,267.41428571428554
2022-12-01,249.04285714285692
2022-12-02,240.9214285714284
2022-12-05,250.29285714285703
2022-12-06,243.5071428571429
2022-12-07,249.61428571428587
2022-12-08,240.70000000000022
2022-12-09,242.27857142857152
2022-12-12,244.60714285714297
2022-12-13,241.20000000000007
2022-12-14,266.5642857142857
2022-12-15,286.6214285714285
2022-12-16,309.38571428571424
2022-12-19,309.4571428571427
2022-12-20,312.2499999999999
2022-12-21,285.5
2022-12-22,286.77142857142854
2022-12-23,299.3714285714285
2022-12-27,296.7214285714285
2022-12-28,292.91428571428554
2022-12-29,297.41428571428565
2022-12-30,300.41428571428565
2023-01-03,299.0285714285713
2023-01-04,309.2214285714285
2023-01-05,285.5499999999999
2023-01-06,278.02142857142854
2023-01-09,273.5785714285715
2023-01-10,278.3500000000001
2023-01-11,272.3928571428573
2023-01-12,274.8285714285715
2023-01-13,281.00714285714304
2023-01-16,261.8428571428573
2023-01-17,254.85714285714297
2023-01-18,245.42142857142866
2023-01-19,249.23571428571424
2023-01-20,240.58571428571435
2023-01-23,249.42857142857142
2023-01-24,249.35714285714286
2023-01-25,247.4142857142858
2023-01-26,256.79285714285714
2023-01-27,245.2428571428571
2023-01-30,246.00714285714275
2023-01-31,252.74999999999986
2023-02-01,256.1142857142856
2023-02-02,268.24285714285696
2023-02-03,283.24285714285685
2023-02-06,297.8285714285712
2023-02-07,298.24285714285696
2023-02-08,303.2142857142856
2023-02-09,311.7785714285713
2023-02-10,314.25
2023-02-13,305.3142857142857
2023-02-14,314.5571428571428
2023-02-15,309.4500000000001
2023-02-16,307.7357142857144
2023-02-17,310.47857142857146
2023-02-20,304.0642857142857
2023-02-21,288.6714285714285
2023-02-22,275.69999999999993
2023-02-23,255.18571428571445
2023-02-24,247.5928571428572
2023-02-27,256.84999999999997
2023-02-28,245.46428571428584
2023-03-01,234.92142857142866
2023-03-02,224.73571428571424
2023-03-03,229.1571428571428
2023-03-06,230.00714285714275
2023-03-07,224.13571428571413
2023-03-08,224.56428571428555
2023-03-09,211.44999999999996
2023-03-10,223.78571428571428
2023-03-13,240.77142857142866
2023-03-14,249.4142857142858
2023-03-15,259.52142857142854
2023-03-16,265.88571428571424
2023-03-17,274.8142857142858
2023-03-20,277.0785714285715
2023-03-21,281.74285714285725
2023-03-22,282.17857142857156
2023-03-23,291.9500000000002
2023-03-24,292.82142857142884
2023-03-27,291.37857142857166
2023-03-28,289.35000000000025
2023-03-29,292.8500000000001
2023-03-30,283.9500000000001
2023-03-31,274.99285714285713
2023-04-03,263.90000000000003
2023-04-04,253.2571428571429
2023-04-05,243.4428571428572
2023-04-06,230.38571428571427
2023-04-07,230.72857142857148
2023-04-10,220.3428571428571
2023-04-11,221.37857142857152
2023-04-12,203.28571428571442
2023-04-13,201.40000000000003
2023-04-14,209.51428571428576
2023-04-17,208.85714285714286
2023-04-18,204.85714285714297
2023-04-19,198.34285714285735
2023-04-20,196.9785714285716
2023-04-21,191.78571428571442
2023-04-24,190.97142857142873
2023-04-25,190.25000000000014
2023-04-26,191.80714285714308
2023-04-27,185.47142857142873
2023-04-28,209.13571428571453
2023-05-01,204.2285714285716
2023-05-02,200.9142857142858
2023-05-03,195.00000000000014
2023-05-04,189.12857142857163
2023-05-05,186.78571428571453
2023-05-08,199.47142857142873
2023-05-09,196.38571428571439
2023-05-10,191.35714285714297
2023-05-11,196.28571428571442
2023-05-12,194.52142857142866
2023-05-15,195.45714285714297
2023-05-16,186.53571428571428
2023-05-17,185.2785714285714
2023-05-18,170.82857142857134
2023-05-19,179.68571428571417
2023-05-22,182.6571428571429
2023-05-23,176.6000000000001
2023-05-24,179.4357142857143
2023-05-25,185.60714285714286
2023-05-26,179.89642857142852
2023-05-29,203.58928571428572
2023-05-30,202.67500000000004
2023-05-31,201.40357142857152
2023-06-01,205.6964285714287
2023-06-02,213.43928571428583
2023-06-05,215.4535714285716
2023-06-06,219.0392857142858
2023-06-07,213.68214285714294
2023-06-08,219.11071428571435
2023-06-09,228.3678571428571
2023-06-12,235.31071428571417
2023-06-13,235.83928571428558
2023-06-14,231.17499999999993
2023-06-15,233.1857142857143
2023-06-16,228.59999999999997
2023-06-19,237.71428571428572
2023-06-20,227.82857142857134
2023-06-21,228.44285714285706
2023-06-22,226.77142857142852
2023-06-23,234.97857142857148
2023-06-26,239.35714285714297
2023-06-27,251.9928571428574
2023-06-28,245.43571428571457
2023-06-29,239.77857142857167
2023-06-30,235.02857142857167
2023-07-03,235.6428571428574
2023-07-04,228.2928571428573
2023-07-05,211.83571428571446
2023-07-06,197.38571428571453
2023-07-07,199.7642857142859
2023-07-10,206.6785714285717
2023-07-11,204.78571428571453
2023-07-12,197.757142857143
2023-07-13,196.07142857142858
2023-07-14,199.26428571428565
2023-07-17,191.8357142857142
2023-07-18,187.94999999999996
2023-07-19,195.18571428571417
2023-07-20,194.3357142857142
2023-07-21,201.8142857142857
2023-07-24,209.82142857142858
2023-07-25,216.98571428571424
2023-07-26,217.69999999999996
2023-07-27,214.8142857142857
2023-07-28,228.75714285714275
2023-07-31,242.19999999999996
2023-08-01,239.20000000000007
2023-08-02,232.83571428571446
2023-08-03,240.22142857142885
2023-08-04,241.92857142857156
2023-08-07,245.6000000000001
2023-08-08,235.60000000000022
2023-08-09,244.06428571428594
2023-08-10,236.87857142857163
2023-08-11,244.39285714285728
2023-08-14,251.08571428571446
2023-08-15,255.78571428571442
2023-08-16,259.6357142857144
2023-08-17,249.68571428571445
2023-08-18,244.34285714285735
2023-08-21,249.23571428571435
2023-08-22,258.71428571428584
2023-08-23,244.08571428571435
2023-08-24,256.407142857143
2023-08-25,279.58571428571435
2023-08-28,289.32142857142856
2023-08-29,281.3500000000001
2023-08-30,288.3428571428572
2023-08-31,278.5000000000001
2023-09-01,273.11428571428576
2023-09-04,269.34999999999997
2023-09-05,256.7357142857142
2023-09-06,251.22857142857134
2023-09-07,247.40714285714265
2023-09-08,250.52857142857127
2023-09-11,241.69999999999968
2023-09-12,242.52142857142826
2023-09-13,228.03571428571402
2023-09-14,201.0071428571426
2023-09-15,193.04285714285692
2023-09-18,206.6857142857139
2023-09-19,188.39285714285688
2023-09-20,190.3285714285712
2023-09-21,200.91428571428565
2023-09-22,207.7785714285714
2023-09-25,215.79285714285703
2023-09-26,216.12857142857138
2023-09-27,220.82142857142858
2023-09-28,220.5928571428571
2023-09-29,229.37142857142862
2023-10-02,232.89285714285714
2023-10-03,235.0642857142857
2023-10-04,246.03571428571428
2023-10-05,259.1214285714286
2023-10-06,250.57142857142858
2023-10-09,277.4857142857142
2023-10-10,282.35714285714283
2023-10-11,275.78571428571416
2023-10-12,266.1142857142856
2023-10-13,270.49285714285713
2023-10-16,279.69285714285706
2023-10-17,277.3999999999999
2023-10-18,279.07142857142856
2023-10-19,276.64285714285717
2023-10-20,280.1428571428573
2023-10-23,281.5357142857144
2023-10-24,279.0142857142858
2023-10-25,270.17857142857144
2023-10-26,280.5642857142858
2023-10-27,268.6714285714287
2023-10-30,264.66428571428577
2023-10-31,264.4357142857143
2023-11-01,266.5928571428571
2023-11-02,273.4214285714285
2023-11-03,270.6285714285714
2023-11-06,273.892857142857
2023-11-07,264.08571428571406
2023-11-08,262.49285714285696
2023-11-09,250.6714285714283
2023-11-10,249.14999999999964
2023-11-13,254.0071428571425
2023-11-14,245.5642857142853
2023-11-15,244.79285714285677
2023-11-16,236.14999999999964
2023-11-17,229.55714285714254
2023-11-20,222.86428571428547
2023-11-21,229.10714285714272
2023-11-22,219.0071428571426
2023-11-23,217.11428571428547
2023-11-24,199.39285714285703
2023-11-27,196.96428571428572
2023-11-28,190.88571428571413
2023-11-29,190.89285714285714
2023-11-30,189.13571428571439
2023-12-01,177.4214285714288
2023-12-04,181.93571428571457
2023-12-05,177.99285714285725
2023-12-06,177.20000000000007
2023-12-07,186.08571428571435
2023-12-08,197.7214285714286
2023-12-11,194.32857142857145
2023-12-12,194.11428571428587
2023-12-13,191.6714285714288
2023-12-14,204.71428571428598
2023-12-15,216.08571428571446
2023-12-18,216.36428571428573
2023-12-19,219.69999999999996
2023-12-20,214.43571428571406
2023-12-21,220.04285714285692
2023-12-22,220.67142857142815
2023-12-26,209.28571428571402
2023-12-27,205.42142857142815
2023-12-28,194.20714285714243
2023-12-29,180.48571428571384
2024-01-02,177.55714285714228
2024-01-03,191.85714285714246
2024-01-04,192.635714285714
2024-01-05,186.71428571428532
2024-01-08,186.60714285714246
2024-01-09,206.47857142857134
2024-01-10,209.12857142857123
2024-01-11,213.90000000000003
2024-01-12,211.82142857142844
2024-01-15,210.42857142857156
2024-01-16,205.80714285714294
2024-01-17,211.3285714285717
2024-01-18,226.4785714285716
2024-01-19,241.4928571428574
2024-01-22,253.364285714286
2024-01-23,235.2571428571429
2024-01-24,230.71428571428572
2024-01-25,237.0928571428571
2024-01-26,234.57857142857134
2024-01-29,215.5857142857141
2024-01-30,218.61428571428561
2024-01-31,224.0857142857141
2024-02-01,222.19999999999996
2024-02-02,236.31428571428583
2024-02-05,252.43571428571445
2024-02-06,249.86428571428587
2024-02-07,244.12857142857163
2024-02-08,240.52142857142877
2024-02-09,222.4857142857145
2024-02-12,227.25000000000026
2024-02-13,231.6642857142859
2024-02-14,244.0642857142861
2024-02-15,244.79285714285757
2024-02-16,246.02142857142903
2024-02-19,249.86428571428613
2024-02-20,237.44285714285772
2024-02-21,243.10714285714337
2024-02-22,238.62142857142888
2024-02-23,246.4142857142862
2024-02-26,247.00714285714326
2024-02-27,242.00714285714326
2024-02-28,233.9357142857147
2024-02-29,238.82857142857185
2024-03-01,243.46428571428598
2024-03-04,253.1000000000001
2024-03-05,233.62857142857163
2024-03-06,247.70714285714297
2024-03-07,251.4142857142859
2024-03-08,261.15000000000043
2024-03-11,285.10000000000036
2024-03-12,272.45000000000044
2024-03-13,272.71428571428623
2024-03-14,258.3928571428574
2024-03-15,263.0428571428573
2024-03-18,275.5642857142858
2024-03-19,288.3999999999999
2024-03-20,292.8642857142856
2024-03-21,295.4714285714285
2024-03-22,283.9857142857142
2024-03-25,283.6071428571426
2024-03-26,267.1428571428569
2024-03-27,262.88571428571385
2024-03-28,245.16428571428514
2024-04-01,221.52857142857076
2024-04-02,223.39999999999912
2024-04-03,222.82142857142753
2024-04-04,222.82142857142753
2024-04-05,240.06428571428478
2024-04-08,242.47142857142768
2024-04-09,230.44999999999942
2024-04-10,230.88571428571387
2024-04-11,237.54285714285703
2024-04-12,254.89285714285688
2024-04-15,272.6071428571426
2024-04-16,295.1857142857142
2024-04-17,296.4642857142857
2024-04-18,307.2785714285713
2024-04-19,319.4214285714284
2024-04-22,336.8142857142856
2024-04-23,336.3142857142858
2024-04-24,347.1357142857144
2024-04-25,333.37857142857166
2024-04-26,345.764285714286
2024-04-29,352.07142857142856
2024-04-30,345.91428571428565
2024-05-01,348.02142857142826
2024-05-02,345.53571428571405
2024-05-03,344.3785714285711
2024-05-06,331.6428571428566
2024-05-07,333.3857142857136
2024-05-08,316.5428571428565
2024-05-09,310.02142857142775
2024-05-10,288.7785714285705
2024-05-13,278.7357142857132
2024-05-14,259.6499999999991
2024-05-15,256.1571428571419
2024-05-16,241.2714285714275
2024-05-17,234.22857142857043
2024-05-20,232.99999999999895
2024-05-21,213.24999999999923
2024-05-22,194.5999999999993
2024-05-23,183.14999999999938
2024-05-24,188.4285714285709
2024-05-27,190.21428571428518
2024-05-28,190.97142857142822
2024-05-29,190.1499999999999
2024-05-30,194.55000000000004
2024-05-31,200.41428571428565
2024-06-03,223.11428571428561
2024-06-04,226.92857142857142
2024-06-05,221.62142857142862
2024-06-06,240.62857142857163
2024-06-07,238.221428571429
2024-06-10,241.80714285714308
2024-06-11,243.62142857142888
2024-06-12,247.75714285714326
2024-06-13,246.21714285714344
2024-06-14,242.1171428571436
2024-06-17,247.61000000000084
2024-06-18,261.7742857142865
2024-06-19,257.66714285714363
2024-06-20,243.98142857142946
2024-06-21,242.788571428572
2024-06-24,232.3242857142863
2024-06-25,236.71000000000043
2024-06-26,226.61000000000033
2024-06-27,231.11000000000007
2024-06-28,232.8885714285716
2024-07-01,247.8814285714286
2024-07-02,247.77428571428547
2024-07-03,245.63571428571387
2024-07-04,249.08571428571355
2024-07-05,237.79285714285626
2024-07-08,231.17857142857065
2024-07-09,229.14285714285637
2024-07-10,236.72142857142794
2024-07-11,224.14285714285663
2024-07-12,254.47142857142794
2024-07-15,261.8428571428568
2024-07-16,264.3785714285711
2024-07-17,268.02142857142854
2024-07-18,295.44999999999993
2024-07-19,297.9714285714287
2024-07-22,302.2500000000005
2024-07-23,301.80714285714356
2024-07-24,300.7357142857153
2024-07-25,353.52857142857255
2024-07-26,370.69285714285826
2024-07-29,386.08571428571565
2024-07-30,393.6571428571442
2024-07-31,419.08571428571565
2024-08-01,430.6428571428584
2024-08-02,463.0142857142868
2024-08-05,482.707142857144
2024-08-06,550.0214285714295
2024-08-07,542.4428571428582
2024-08-08,562.0285714285723
2024-08-09,599.3357142857151
2024-08-12,595.8071428571436
2024-08-13,598.0714285714294
2024-08-14,577.3571428571433
2024-08-15,561.0928571428576
2024-08-16,573.6285714285716
2024-08-19,571.6357142857144
2024-08-20,554.2142857142857
2024-08-21,513.3214285714286
2024-08-22,467.30000000000007
2024-08-23,461.11428571428587
2024-08-26,400.3142857142858
2024-08-27,387.50714285714275
2024-08-28,357.32142857142856
2024-08-29,329.84999999999985
2024-08-30,348.6142857142856
2024-09-02,349.3785714285711
2024-09-03,325.61428571428536
2024-09-04,360.8428571428568
2024-09-05,345.74285714285696
2024-09-06,352.12142857142834
2024-09-09,371.4714285714285
2024-09-10,384.42857142857144
2024-09-11,390.42857142857144
2024-09-12,409.1571428571427
2024-09-13,408.2785714285713
2024-09-16,397.16428571428565
2024-09-17,396.3142857142856
2024-09-18,383.19285714285695
2024-09-19,367.78571428571405
2024-09-20,389.02142857142854
2024-09-23,393.6428571428574
2024-09-24,353.5000000000003
2024-09-25,351.21428571428595
2024-09-26,342.9857142857145
2024-09-27,324.3285714285718
2024-09-30,314.014285714286
2024-10-01,309.0857142857146
2024-10-02,292.25714285714326
2024-10-03,289.2357142857145
2024-10-04,295.0428571428573
2024-10-07,301.03571428571456
2024-10-08,303.5928571428576
2024-10-09,309.5928571428576
2024-10-10,290.0642857142861
2024-10-11,289.11428571428615
2024-10-14,287.10000000000036
2024-10-15,289.6785714285717
2024-10-16,303.67857142857196
2024-10-17,292.16428571428617
2024-10-18,298.7857142857148
2024-10-21,297.7642857142863
2024-10-22,276.6357142857149
2024-10-23,275.79285714285805
2024-10-24,289.67857142857247
2024-10-25,278.2714285714298
2024-10-28,281.00714285714406
2024-10-29,265.35714285714414
2024-10-30,268.1428571428584
2024-10-31,275.4714285714298
2024-11-01,298.77857142857255
2024-11-04,297.30714285714413
2024-11-05,285.15000000000117
2024-11-06,296.13571428571544
2024-11-07,316.74285714285827
2024-11-08,329.6707142857155
2024-11-11,325.3207142857157
2024-11-12,325.185000000001
2024-11-13,306.5135714285724
2024-11-14,309.63500000000073
2024-11-15,301.8857142857149
2024-11-18,327.6707142857148
2024-11-19,321.84928571428617
2024-11-20,328.83500000000043
2024-11-21,318.72428571428617
2024-11-22,326.66000000000037
2024-11-25,323.3457142857143
2024-11-26,320.20285714285717
2024-11-27,296.51714285714297
2024-11-28,292.3464285714285
2024-11-29,289.03999999999985
2024-12-02,286.8471428571429
2024-12-03,295.6114285714287
2024-12-04,294.6250000000003
2024-12-05,294.91000000000037
2024-12-06,264.01142857142884
2024-12-09,264.5685714285716
2024-12-10,254.41142857142873
2024-12-11,246.43642857142862
2024-12-12,248.48642857142866
2024-12-13,246.8728571428575
2024-12-16,244.95214285714323
2024-12-17,253.86000000000033
2024-12-18,242.7242857142862
2024-12-19,312.1528571428576
2024-12-20,322.15357142857204
2024-12-23,357.06071428571494
2024-12-24,364.6328571428577
2024-12-26,371.94714285714355
2024-12-27,379.7607142857149
2024-12-30,397.4964285714294
2024-12-31,412.9392857142866
2025-01-02,419.27500000000094
2025-01-03,425.41785714285805
2025-01-06,443.83142857142957
2025-01-07,454.2950000000011
2025-01-08,463.38714285714406
2025-01-09,470.73714285714385
2025-01-10,403.1292857142866
2025-01-13,413.3142857142863
2025-01-14,379.95000000000044
2025-01-15,384.7500000000005
2025-01-16,398.7000000000002
2025-01-17,409.536428571429
2025-01-20,408.3014285714289
2025-01-21,391.56214285714304
2025-01-22,395.9078571428573
2025-01-23,383.2078571428571
2025-01-24,366.9071428571427
2025-01-27,353.6999999999997
2025-01-28,397.31357142857087
2025-01-29,410.45642857142803
2025-01-30,424.47071428571377
2025-01-31,412.67785714285674
2025-02-03,418.92857142857093
2025-02-04,435.4921428571423
2025-02-05,429.06357142857087
2025-02-06,427.1407142857136
2025-02-07,405.2685714285705
2025-02-10,416.7364285714276
2025-02-11,414.91928571428485
2025-02-12,406.2407142857137
2025-02-13,417.0192857142852
2025-02-14,426.7692857142852
2025-02-17,358.66999999999956
2025-02-18,331.7914285714282
2025-02-19,323.8199999999994
2025-02-20,313.37714285714225
2025-02-21,303.033571428571
2025-02-24,301.77714285714217
2025-02-25,298.47071428571377
2025-02-26,305.3285714285708
2025-02-27,317.33571428571383
2025-02-28,345.2492857142853
2025-03-03,352.7921428571423
2025-03-04,395.7135714285708
2025-03-05,417.9571428571422
2025-03-06,427.7357142857137
2025-03-07,460.91428571428514
2025-03-10,491.58571428571383
2025-03-11,542.7964285714285
2025-03-12,568.5607142857142
2025-03-13,576.7685714285714
2025-03-14,572.5685714285713
2025-03-17,575.6864285714283
2025-03-18,571.9292857142856
2025-03-19,579.8507142857143
2025-03-20,556.8014285714287
2025-03-21,548.687142857143
2025-03-24,517.904285714286
2025-03-25,502.90142857142877
2025-03-26,483.10428571428594
2025-03-27,472.04000000000036
2025-03-28,453.5971428571432
2025-03-31,431.7650000000002
2025-04-01,429.63642857142884
2025-04-02,428.5285714285715
2025-04-03,460.05714285714305
2025-04-04,469.75285714285747
2025-04-07,534.4857142857147
2025-04-08,637.3385714285718
2025-04-09,701.824285714286
2025-04-10,863.2771428571432
2025-04-11,940.8914285714288
2025-04-14,966.444285714286
2025-04-15,986.8414285714288
2025-04-16,975.7557142857144
2025-04-17,1015.4778571428573
2025-04-21,998.3707142857141
2025-04-22,1013.4857142857139
2025-04-23,1032.4642857142856
2025-04-24,1021.8849999999996
2025-04-25,1037.9214285714284
2025-04-28,970.8392857142854
2025-04-29,861.5364285714282
2025-04-30,784.7864285714282
2025-05-01,652.1099999999996
2025-05-02,574.220714285714
2025-05-05,553.9778571428568
2025-05-06,533.0992857142854
2025-05-07,530.4135714285712
2025-05-08,504.04857142857117
2025-05-09,506.0271428571429
2025-05-12,470.37642857142885
2025-05-13,485.4257142857147
2025-05-14,464.7121428571435
2025-05-15,419.9400000000005
2025-05-16,417.2535714285722
2025-05-19,404.8035714285722
2025-05-20,413.66785714285805
2025-05-21,377.1342857142868
2025-05-22,385.4992857142866
2025-05-23,369.4921428571436
2025-05-26,389.4707142857148
2025-05-27,394.3914285714288
2025-05-28,386.9771428571429
2025-05-29,373.95499999999964
2025-05-30,397.583571428571
2025-06-02,362.098571428571
2025-06-03,353.9921428571423
2025-06-04,366.6349999999992
2025-06-05,354.00642857142753
2025-06-06,370.7492857142848
2025-06-09,367.67785714285594
2025-06-10,361.37785714285593
2025-06-11,345.1635714285702
2025-06-12,345.42785714285594
2025-06-13,328.0421428571418
2025-06-16,333.4078571428563
2025-06-17,340.61499999999927
2025-06-18,342.5735714285708
2025-06-19,319.6449999999994
2025-06-20,315.9814285714279
2025-06-23,317.5735714285708
2025-06-24,321.5014285714281
2025-06-25,336.1435714285711
2025-06-26,317.4214285714279
2025-06-27,307.62857142857087
2025-06-30,310.98571428571347
2025-07-01,307.1064285714279
2025-07-02,308.28499999999957
2025-07-03,309.0421428571423
2025-07-04,297.8342857142852
2025-07-07,279.1921428571425
2025-07-08,277.677857142857
2025-07-09,272.4628571428569
2025-07-10,269.3049999999998
2025-07-11,251.6407142857141
2025-07-14,237.56999999999996
2025-07-15,230.06357142857138
2025-07-16,234.53571428571428
2025-07-17,235.4214285714284
2025-07-18,238.21428571428572
2025-07-21,234.15071428571432
2025-07-22,227.27142857142852
2025-07-23,226.25714285714275
2025-07-24,225.15071428571406
2025-07-25,220.8499999999996
2025-07-28,214.25642857142807
2025-07-29,213.14214285714246
2025-07-30,210.55642857142837
2025-07-31,220.64285714285688
2025-08-01,244.5564285714281
2025-08-04,265.778571428571
2025-08-05,287.4571428571427
2025-08-06,291.2135714285715
2025-08-07,301.1985714285716
2025-08-08,314.6557142857143
2025-08-11,317.4428571428572
2025-08-12,314.57142857142856
2025-08-13,320.42785714285725
2025-08-14,324.6350000000002
2025-08-15,329.40642857142876
2025-08-18,334.86428571428615
2025-08-19,329.96428571428595
2025-08-20,335.6071428571431
2025-08-21,328.34428571428595
2025-08-22,306.22928571428565
2025-08-25,309.5435714285712
2025-08-26,299.22999999999985
2025-08-27,287.76714285714246
2025-08-28,280.5457142857137
2025-08-29,284.2878571428565
2025-09-01,293.83142857142826
2025-09-02,281.73857142857094
2025-09-03,302.59571428571377
2025-09-04,303.588571428571
2025-09-05,308.78928571428514
2025-09-08,325.4964285714278
2025-09-09,313.3235714285708
2025-09-10,294.60928571428536
2025-09-11,295.0235714285713
2025-09-12,267.60857142857145
2025-09-15,268.85857142857145
2025-09-16,268.97928571428594
2025-09-17,262.51500000000044
2025-09-18,262.2864285714292
2025-09-19,260.74214285714334
2025-09-22,264.4707142857151
2025-09-23,250.6492857142865
2025-09-24,252.0135714285721
2025-09-25,251.29857142857222
2025-09-26,249.34857142857228
2025-09-29,248.66428571428645
2025-09-30,252.81285714285772
2025-10-01,248.31285714285772
2025-10-02,263.370714285715
2025-10-03,263.12785714285775
2025-10-06,265.29928571428616
2025-10-07,274.6057142857148
2025-10-08,273.134285714286
2025-10-09,273.8142857142861
2025-10-10,273.44285714285746
2025-10-13,325.014285714286
2025-10-14,346.6850000000003
2025-10-15,370.4778571428573
2025-10-16,376.29928571428616
2025-10-17,398.20571428571486
2025-10-20,426.5135714285721
2025-10-21,441.127857142858
2025-10-22,424.170714285715
2025-10-23,448.9350000000008
2025-10-24,455.04285714285805
2025-10-27,456.9714285714295
2025-10-28,472.0928571428579
2025-10-29,468.50642857142935
2025-10-30,475.50714285714355
2025-10-31,442.80642857142914
2025-11-03,430.978571428572
2025-11-04,407.19214285714327
2025-11-05,416.50642857142856
2025-11-06,420.8135714285714
2025-11-07,419.1635714285715
2025-11-10,436.86357142857145
2025-11-11,463.9985714285714
2025-11-12,446.6700000000001
2025-11-13,445.5978571428573
2025-11-14,475.4200000000001
2025-11-17,487.43428571428586
2025-11-18,511.7557142857144
2025-11-19,529.7478571428572
2025-11-20,529.4914285714286
2025-11-21,589.7050000000002
2025-11-24,618.7628571428575
2025-11-25,624.3264285714291
2025-11-26,620.0478571428575
2025-11-27,598.4185714285717
2025-11-28,556.2828571428573
2025-12-01,531.9978571428572
2025-12-02,534.8771428571428
2025-12-03,535.2199999999999
2025-12-04,502.9557142857141
2025-12-05,472.5271428571427
2025-12-08,448.25571428571413
2025-12-09,428.0271428571429
2025-12-10,401.84142857142876
2025-12-11,338.4135714285715
2025-12-12,321.17857142857144
2025-12-15,324.35857142857145
2025-12-16,312.80142857142863
2025-12-17,316.43785714285724
2025-12-18,355.84500000000014
2025-12-19,377.56642857142884
2025-12-22,382.24357142857167
2025-12-23,372.1785714285717
2025-12-24,368.43642857142885
2025-12-26,359.27928571428623
2025-12-29,345.8792857142863
2025-12-30,342.26142857142906
2025-12-31,338.69714285714355
2026-01-02,334.7535714285722
2026-01-05,339.57428571428653
2026-01-06,312.37642857142936
2026-01-07,307.60857142857225
2026-01-08,300.7978571428578
2026-01-09,277.34500000000065
2026-01-12,267.416428571429
2026-01-13,266.8157142857147
2026-01-14,269.31785714285746
2026-01-15,289.7778571428574
2026-01-16,309.46928571428595
2026-01-19,323.6335714285714
2026-01-20,338.31
2026-01-21,353.8671428571428
2026-01-22,378.38071428571413
2026-01-23,359.6378571428569
2026-01-26,358.3978571428569
2026-01-27,370.5278571428568
2026-01-28,370.6885714285714
2026-01-29,376.0692857142858
2026-01-30,402.81357142857166
2026-02-02,406.9885714285717
2026-02-03,444.4285714285717
2026-02-04,466.12285714285747
2026-02-05,490.46142857142877
2026-02-06,521.689285714286
2026-02-09,560.0042857142861
2026-02-10,569.0900000000004
2026-02-11,542.1164285714292
2026-02-12,552.8664285714292
2026-02-13,580.8407142857149
2026-02-16,576.5571428571433
2026-02-17,574.9157142857146
2026-02-18,581.2057142857144
2026-02-19,558.4807142857145
2026-02-20,548.3300000000002
2026-02-23,526.5457142857146
2026-02-24,497.94214285714304
2026-02-25,472.90500000000014
2026-02-26,456.077142857143
2026-02-27,427.4985714285714
2026-03-02,416.53571428571405
2026-03-03,443.2592857142853
2026-03-04,460.38285714285666
2026-03-05,461.8514285714282
2026-03-06,465.43857142857115
2026-03-09,485.63142857142833
2026-03-10,529.0549999999997
2026-03-11,526.1235714285712
2026-03-12,526.2864285714282
2026-03-13,525.0292857142855
2026-03-16,528.5385714285712
2026-03-17,538.1221428571428
2026-03-18,529.3778571428569
2026-03-19,533.6392857142855
2026-03-20,539.3892857142855
2026-03-23,543.6992857142856
2026-03-24,568.14
2026-03-25,546.4507142857144
2026-03-26,531.1221428571431
2026-03-27,539.5342857142859
2026-03-30,517.1350000000002
2026-03-31,528.9092857142859
2026-04-01,579.1900000000003
2026-04-02,579.0735714285717
2026-04-03,589.1900000000003
2026-04-06,563.0492857142859
2026-04-07,569.6342857142861
2026-04-08,559.9800000000004
2026-04-09,594.6921428571433
2026-04-10,568.4964285714292
2026-04-13,512.1307142857149
2026-04-14,529.3721428571433
2026-04-15,542.6928571428574
2026-04-16,527.649285714286
2026-04-17,495.61428571428587
2026-04-20,487.3471428571432
2026-04-21,433.7400000000003
2026-04-22,427.2864285714287
2026-04-23,414.2735714285713
2026-04-24,437.49857142857115
2026-04-27,440.82714285714246
2026-04-28,421.6764285714281
2026-04-29,394.4892857142851
2026-04-30,394.16928571428514
2026-05-01,412.69357142857086
2026-05-04,393.08428571428493
2026-05-05,386.70642857142803
2026-05-06,391.70142857142804
2026-05-07,415.1157142857137
2026-05-08,412.0421428571421
2026-05-11,449.3828571428564
2026-05-12,442.5649999999995
2026-05-13,464.09499999999986
2026-05-14,466.43285714285724
2026-05-15,453.39071428571435
2026-05-18,481.6428571428574
2026-05-19,488.99285714285753
2026-05-20,504.2228571428573
2026-05-21,514.3485714285715
2026-05-22,518.5228571428573
2026-05-25,516.0628571428572
2026-05-26,512.8242857142858
2026-05-27,495.762142857143
2026-05-28,503.5135714285716
2026-05-29,488.519285714286
2026-06-01,493.5878571428574
2026-06-02,471.36357142857145
